generation,fitness,cluster_0,cluster_1,cluster_2,cluster_3,cluster_4,cluster_5,cluster_6
0,1.0021635240730695,56,45,33,41,35,31,37
1,1.0039423122802211,49,41,37,31,38,38,44
2,1.0054869883995052,51,40,40,30,34,37,46
3,1.007090875165104,60,34,40,28,38,35,43
4,1.008059973041724,59,38,44,30,37,30,40
5,1.0090106562803216,58,39,40,29,35,33,44
6,1.0113028335287428,58,36,38,28,41,35,42
7,1.01196878888813,60,37,39,28,38,34,42
8,1.0143070130811007,61,38,41,29,35,32,42
9,1.0159314769462324,63,39,40,28,36,31,41
10,1.0178184379875046,65,38,39,30,34,32,40
11,1.0190679784254528,68,37,37,30,34,31,41
12,1.0192566966766181,69,36,37,30,35,30,41
13,1.0192919847182567,68,37,37,30,35,30,41
14,1.0208005490484477,71,38,36,31,31,31,40
15,1.0229849032984988,74,40,37,29,31,30,37
16,1.0230109169671684,75,40,34,30,29,31,39
17,1.0253931090397215,78,39,34,30,32,30,35
18,1.0234639295933672,79,39,32,34,32,30,32
19,1.0280211002068511,82,42,31,28,30,29,36
20,1.0262425411043916,78,40,33,26,37,31,33
21,1.029328167057416,86,42,30,27,31,28,34
22,1.0305666970309495,87,43,30,28,29,28,33
23,1.0300261020056043,86,46,25,27,30,29,35
24,1.0314039877311112,87,46,27,27,29,28,34
25,1.031804553799887,92,44,28,26,29,28,31
26,1.033236113929864,94,45,26,27,27,26,33
27,1.0334905545970858,93,44,27,28,26,27,33
28,1.0337897964786538,94,44,33,23,28,25,31
29,1.0325071367514886,91,42,29,27,28,27,34
30,1.037621690588191,98,41,25,29,29,24,32
31,1.0385122462992373,101,39,25,29,28,24,32
32,1.0387029465849698,102,39,25,29,28,24,31
33,1.0387029465849698,102,39,25,29,28,24,31
34,1.0382160918753442,101,39,25,30,27,25,31
35,1.039761840464969,101,39,26,29,27,23,33
36,1.0403870641375963,102,37,26,30,27,23,33
37,1.0404800071287506,103,36,25,31,26,23,34
38,1.0408738441507732,104,35,26,31,27,22,33
39,1.0415856739194043,103,37,25,31,26,22,34
40,1.0408309174344423,102,38,25,30,26,23,34
41,1.041866499073608,105,36,25,30,27,22,33
42,1.043100457279813,105,35,25,31,26,23,33
43,1.044645611890842,107,35,29,30,22,21,34
44,1.0449560058140828,109,34,28,31,21,21,34
45,1.045964393270828,109,33,26,30,23,22,35
46,1.0459147618373863,110,32,28,32,23,21,32
47,1.0476120152290131,111,34,27,29,21,21,35
48,1.0476120152290131,111,34,27,29,21,21,35
49,1.0483359973800028,111,31,26,28,23,22,37
50,1.0481524814348078,110,31,27,28,23,23,36
51,1.048936045624143,112,33,26,28,21,22,36
52,1.0489504790075332,112,33,27,28,21,22,35
53,1.0477763100809483,111,32,28,28,22,22,35
54,1.0502777593782535,113,33,28,29,24,20,31
55,1.050830437090106,113,35,26,29,21,21,33
56,1.051230188349689,113,35,28,30,20,20,32
57,1.0514019693705545,110,35,28,30,24,21,30
58,1.0515344670344047,114,35,29,31,20,20,29
59,1.0521261120624463,111,34,29,30,23,22,29
60,1.0496936766616853,112,33,30,29,21,22,31
61,1.0521815777257217,116,34,30,31,20,18,29
62,1.053731444117224,114,40,30,30,19,17,28
63,1.0519974489778452,112,42,30,29,19,18,28
64,1.0535081695397188,115,38,31,30,19,17,28
65,1.0543806718707125,115,38,31,30,18,17,29
66,1.054730449627467,115,38,30,29,18,17,31
67,1.0549912634820682,117,36,31,29,18,17,30
68,1.0544470806806046,115,35,32,29,19,16,32
69,1.0555002391812311,115,34,34,30,20,15,30
70,1.0546968632273643,113,34,32,31,19,18,31
71,1.0538395346155207,113,34,33,29,20,18,31
72,1.0532354303565015,113,32,36,32,19,16,30
73,1.053067816771762,112,32,36,31,23,15,29
74,1.055452177172487,115,32,34,32,18,17,30
75,1.0558927538683975,113,34,33,31,18,18,31
76,1.0559373879134029,110,35,36,30,18,19,30
77,1.0562072695298415,113,34,35,30,19,18,29
78,1.0562289014985657,112,37,34,30,17,18,30
79,1.0570305972120706,113,37,35,30,17,18,28
80,1.0564646420938097,114,36,34,31,16,18,29
81,1.0575725423934632,112,39,33,31,16,20,27
82,1.0575725423934632,112,39,33,31,16,20,27
83,1.0575110990265162,112,38,33,31,16,20,28
84,1.0582714928279127,113,41,32,31,16,19,26
85,1.0582714928279127,113,41,32,31,16,19,26
86,1.0574891395931796,111,39,34,32,17,18,27
87,1.0586302846454423,111,41,34,32,15,21,24
88,1.0589018981137674,109,42,35,32,15,20,25
89,1.0594414425692595,111,42,34,32,15,22,22
90,1.060039637558049,113,41,33,32,15,21,23
91,1.0600759936604478,113,42,33,31,14,21,24
92,1.0593915199487043,112,42,34,32,14,21,23
93,1.0604882193100074,115,41,34,32,14,20,22
94,1.0609335816711565,114,41,34,32,14,20,23
95,1.061298540982012,115,43,34,32,12,20,22
96,1.059842752740907,115,44,31,32,12,21,23
97,1.0603423411192339,115,44,31,32,12,20,24
98,1.0590604829080648,114,44,33,32,12,19,24
99,1.0610153258020372,114,45,32,32,13,20,22
100,1.0604526931429927,114,45,33,31,13,20,22
101,1.060319890494251,115,45,32,30,13,20,23
102,1.062228806113296,114,45,30,32,15,20,22
103,1.0625566283946055,113,46,31,32,15,21,20
104,1.0630466643587009,111,48,30,32,14,21,22
105,1.063192862840777,111,49,29,32,14,21,22
106,1.0630493653218855,111,49,28,32,14,22,22
107,1.0633914592652207,112,50,27,32,14,21,22
108,1.0639475906131572,111,49,28,32,14,22,22
109,1.0645923670889705,111,50,28,32,14,21,22
110,1.065298112202493,112,52,26,33,15,17,23
111,1.065298112202493,112,52,26,33,15,17,23
112,1.0652153485989122,112,51,28,32,15,17,23
113,1.0659746598012754,111,54,26,33,15,17,22
114,1.0660948300192312,111,55,25,33,15,17,22
115,1.0663649495839822,111,55,23,33,14,17,25
116,1.0663517629278134,110,56,22,33,14,17,26
117,1.0648824041727358,111,57,21,32,15,18,24
118,1.067289608582581,110,57,24,33,15,17,22
119,1.0676698314103368,109,58,24,33,15,17,22
120,1.0666333046398986,110,57,25,33,15,17,21
121,1.066917209998477,108,58,25,34,14,17,22
122,1.0665724975918094,108,58,24,33,16,17,22
123,1.0667021506154504,108,59,24,32,14,20,21
124,1.0671935461773634,108,58,25,33,15,18,21
125,1.0670161536555027,108,56,27,33,15,18,21
126,1.0663457751663061,107,57,26,35,14,18,21
127,1.06810766772618,109,58,25,34,13,17,22
128,1.0684484148591982,110,60,22,34,14,17,21
129,1.0684654038798096,110,61,21,34,14,17,21
130,1.0689235293865762,109,61,20,34,12,18,24
131,1.0678871582281149,110,62,20,34,11,18,23
132,1.0690542605987887,110,61,20,34,11,19,23
133,1.0694644088927223,109,61,19,34,11,19,25
134,1.0696496705758434,107,62,19,34,11,19,26
135,1.0693574919265258,107,62,19,34,12,19,25
136,1.069830079059395,107,62,20,34,10,20,25
137,1.0695474302010215,108,63,20,34,11,19,23
138,1.0700980127656354,107,63,19,35,10,19,25
139,1.0702527867064435,107,63,18,35,12,19,24
140,1.0703448051157576,107,64,18,35,11,20,23
141,1.0697049763648274,106,64,19,35,11,20,23
142,1.069676583437383,106,63,18,36,12,19,24
143,1.0708383878546286,107,64,19,35,11,19,23
144,1.070936815293987,107,65,19,35,11,19,22
145,1.0703074459570345,108,63,19,35,11,19,23
146,1.0709932301345577,106,65,18,35,12,19,23
147,1.071009500729117,105,65,19,35,12,19,23
148,1.0698950895484365,103,65,19,35,12,21,23
149,1.0706885175940908,103,65,19,35,13,20,23
150,1.071125940838439,104,65,20,35,12,20,22
151,1.0712002823649285,104,66,20,35,11,21,21
152,1.0710612593658813,103,66,20,34,14,20,21
153,1.0705141410141312,104,67,20,34,13,20,20
154,1.0719860402518617,104,69,19,35,13,18,20
155,1.0720833415984004,104,69,18,35,13,18,21
156,1.0722277280585781,104,70,18,35,13,18,20
157,1.0722277280585781,104,70,18,35,13,18,20
158,1.0718804042989676,104,70,17,35,14,18,20
159,1.071713236217275,105,70,19,34,12,18,20
160,1.0726155654109624,105,71,16,35,13,18,20
161,1.072482071807722,104,71,16,35,13,18,21
162,1.0717454824642685,105,72,16,33,14,18,20
163,1.0722200228612095,104,71,16,36,12,18,21
164,1.0722009676671123,103,73,15,35,12,18,22
165,1.072851739872637,104,73,15,34,12,18,22
166,1.0714503050362874,104,70,16,35,13,18,22
167,1.0712141997658349,104,72,15,34,11,18,24
168,1.072045930461834,104,71,15,35,12,18,23
169,1.0722377720158442,104,72,15,35,12,18,22
170,1.0719702272011138,105,71,15,35,13,18,21
171,1.0732369814406626,104,74,15,33,12,18,22
172,1.0734466562207539,103,74,15,35,10,18,23
173,1.073406236724892,102,75,15,34,11,18,23
174,1.0722705352461532,102,74,16,34,11,18,23
175,1.072936854019551,103,73,15,34,12,19,22
176,1.0730682556003113,103,76,14,35,10,18,22
177,1.0735539755649985,103,75,15,35,10,19,21
178,1.0739848250083783,103,76,16,35,9,19,20
179,1.0740149932422742,103,76,16,34,10,19,20
180,1.0741794879973998,103,77,16,33,11,19,19
181,1.0741794879973998,103,77,16,33,11,19,19
182,1.0743027471751216,103,78,16,33,10,19,19
183,1.0746635538067721,103,78,16,33,9,20,19
184,1.0743241356626527,103,78,15,32,11,20,19
185,1.074580644037583,104,76,16,33,9,20,20
186,1.0749719581247554,104,79,15,32,10,20,18
187,1.075046729138923,104,79,15,31,11,20,18
188,1.0752451848639883,104,80,15,31,11,20,17
189,1.0753606016598867,103,79,15,32,10,20,19
190,1.0752775565551382,103,79,14,32,11,20,19
191,1.0753606016598867,103,79,15,32,10,20,19
192,1.0759476345629864,102,82,14,32,10,20,18
193,1.0759625692599113,102,82,14,31,11,20,18
194,1.0759738984563227,101,83,14,32,10,20,18
195,1.0754365565471848,100,84,14,32,11,20,17
196,1.0741802002022443,100,84,13,32,12,20,17
197,1.0748302400805172,100,82,15,31,13,20,17
198,1.0746632959950118,101,82,14,31,13,20,17
199,1.0751775925137934,101,83,14,31,12,20,17
200,1.0759236370284135,101,84,14,31,10,20,18
201,1.0760795958872935,101,85,14,32,10,20,16
202,1.0756419747305923,102,85,14,32,11,18,16
203,1.0761591484603723,102,85,14,33,9,19,16
204,1.0753673071183993,101,84,14,33,9,21,16
205,1.0758741562939842,102,84,14,32,10,20,16
206,1.0763590944178278,102,85,14,31,12,19,15
207,1.0758901441857742,102,85,13,31,12,18,17
208,1.0764430716773647,102,86,13,31,12,19,15
209,1.0765078056807296,101,87,13,31,12,19,15
210,1.0762832766257389,100,89,13,30,13,20,13
211,1.0766274284410753,98,91,13,31,13,19,13
212,1.076736048494411,97,92,13,32,12,19,13
213,1.0765837402444398,97,91,14,32,12,19,13
214,1.0768477278509683,95,92,15,32,12,19,13
215,1.0771768574669656,94,93,15,32,12,19,13
216,1.077276871781481,94,93,15,31,12,19,14
217,1.077343053612616,94,93,15,32,11,19,14
218,1.0772948152247526,94,93,16,31,12,19,13
219,1.0756382417249797,92,93,17,30,12,20,14
220,1.0745472971861814,91,92,18,31,12,20,14
221,1.0765254556341295,93,93,16,31,12,19,14
222,1.0763019212316758,94,90,15,29,14,21,15
223,1.0773752489917552,94,93,15,31,12,19,14
224,1.0773823282560822,94,93,16,31,11,19,14
225,1.0771690634815285,94,92,16,31,11,19,15
226,1.0774245771415139,93,93,16,31,11,19,15
227,1.0768908798934422,93,91,16,28,12,20,18
228,1.0775892349426655,93,93,16,27,14,19,16
229,1.077015820523846,93,91,17,28,13,19,17
230,1.0757563211622854,92,92,16,28,13,19,18
231,1.0769128371810743,94,92,15,28,13,20,16
232,1.0762509747329823,93,92,16,28,12,21,16
233,1.0774972596830386,93,91,15,27,14,20,18
234,1.0774972596830386,93,91,15,27,14,20,18
235,1.0775790662843783,94,90,15,28,13,20,18
236,1.076638974963262,94,90,15,27,15,20,17
237,1.0778805560992837,94,91,15,28,13,20,17
238,1.07794420264793,94,92,16,28,13,19,16
239,1.0779201062105028,93,93,17,28,13,19,15
240,1.0779201062105028,93,93,17,28,13,19,15
241,1.0774723717225783,93,92,16,29,13,19,16
242,1.077516711501742,93,91,16,29,13,19,17
243,1.076960267834129,93,90,16,29,14,19,17
244,1.0773307577969113,93,92,16,29,13,19,16
245,1.0761427188248203,95,87,19,29,13,19,16
246,1.0781877743386148,92,94,16,28,13,19,16
247,1.0782105023119586,91,94,17,28,13,19,16
248,1.0781959271185917,89,94,19,28,13,19,16
249,1.0784287030160264,90,95,18,27,14,20,14
250,1.0784707955667914,90,95,18,27,14,19,15
251,1.07705793056792,86,95,19,27,14,20,17
252,1.0785727375676848,88,95,19,27,14,19,16
253,1.0781031631703524,89,94,19,27,14,19,16
254,1.0777555280040214,88,94,19,27,15,19,16
255,1.0783368042925623,88,94,20,27,14,19,16
256,1.077658716536693,87,95,20,27,15,18,16
257,1.0785082810981665,86,95,20,27,14,20,16
258,1.0786333336720273,87,95,20,27,14,19,16
259,1.0788759550262914,86,95,20,27,14,19,17
260,1.0781761691276253,85,95,20,27,15,19,17
261,1.077087585770183,85,95,21,26,17,20,14
262,1.078894460313927,86,94,20,26,15,19,18
263,1.0789678725573504,86,93,20,25,16,19,19
264,1.078995225641992,86,93,20,26,15,19,19
265,1.0782388881494334,85,92,20,25,17,19,20
266,1.0776821623956736,84,92,21,25,18,19,19
267,1.0790688995353497,86,92,21,25,16,19,19
268,1.0790688995353497,86,92,21,25,16,19,19
269,1.077522085170686,87,92,21,25,15,20,18
270,1.0785154061887656,85,93,22,25,16,19,18
271,1.0781291084420142,85,92,22,25,16,19,19
272,1.079080440523489,86,93,21,25,16,19,18
273,1.079080440523489,86,93,21,25,16,19,18
274,1.0779913248431083,85,92,21,26,17,19,18
275,1.0776865233507293,82,93,21,25,17,19,21
276,1.0793116949673653,83,95,22,25,16,19,18
277,1.0793116949673653,83,95,22,25,16,19,18
278,1.078643245691111,81,95,22,25,16,19,20
279,1.0793116949673653,83,95,22,25,16,19,18
280,1.0793116949673653,83,95,22,25,16,19,18
281,1.0793126905548736,82,96,22,25,16,19,18
282,1.0795157489042226,81,96,23,24,17,19,18
283,1.0795231189482342,81,96,23,23,18,19,18
284,1.0795231189482342,81,96,23,23,18,19,18
285,1.0775213832792754,79,96,25,23,18,19,18
286,1.078560075433485,80,96,24,23,19,18,18
287,1.0796159827239813,80,98,23,23,18,19,17
288,1.0796901466326756,80,97,23,23,17,19,19
289,1.0780890461106192,78,97,23,23,17,19,21
290,1.0789211538908163,79,96,23,22,19,20,19
291,1.0789453964919935,77,97,23,22,18,20,21
292,1.079940226403723,80,97,23,22,18,19,19
293,1.0799479505657645,80,97,23,23,17,19,19
294,1.0799873141779135,80,97,23,24,16,19,19
295,1.0794282887458013,79,97,23,25,15,20,19
296,1.0794048047061677,80,96,23,26,15,19,19
297,1.0792819874771782,81,96,23,25,16,19,18
298,1.0795869550613064,80,96,24,26,14,19,19
299,1.0800378528232375,80,97,23,25,15,19,19
